file,class,type,cbo,cboModified,fanin,fanout,wmc,dit,noc,rfc,lcom,lcom*,tcc,lcc,totalMethodsQty,staticMethodsQty,publicMethodsQty,privateMethodsQty,protectedMethodsQty,defaultMethodsQty,visibleMethodsQty,abstractMethodsQty,finalMethodsQty,synchronizedMethodsQty,totalFieldsQty,staticFieldsQty,publicFieldsQty,privateFieldsQty,protectedFieldsQty,defaultFieldsQty,finalFieldsQty,synchronizedFieldsQty,nosi,loc,returnQty,loopQty,comparisonsQty,tryCatchQty,parenthesizedExpsQty,stringLiteralsQty,numbersQty,assignmentsQty,mathOperationsQty,variablesQty,maxNestedBlocksQty,anonymousClassesQty,innerClassesQty,lambdasQty,uniqueWordsQty,modifiers,logStatementsQty
C:\Users\costa\Desktop\ing-soft2\ing-soft2\repository\ASD\src\abstractfactory\MacCheckbox.java,abstractfactory.MacCheckbox,class,1,2,1,1,0,2,0,0,0,0.0,-1.0,-1.0,0,0,0,0,0,0,0,0,0,0,0,0,0,0,0,0,0,0,0,2,0,0,0,0,0,0,0,0,0,0,0,0,0,0,4,1,0
C:\Users\costa\Desktop\ing-soft2\ing-soft2\repository\ASD\src\factorymethod\SimplePizzaFactory.java,factorymethod.SimplePizzaFactory,class,7,9,2,7,7,1,0,1,3,0.6666667,0.0,0.0,3,1,2,1,0,0,2,0,0,0,1,1,0,1,0,0,0,0,0,24,2,0,0,0,0,4,0,6,0,2,1,0,0,0,13,1,0
C:\Users\costa\Desktop\ing-soft2\ing-soft2\repository\ASD\src\proxy\lab\ITable.java,proxy.lab.ITable,interface,1,3,2,1,5,1,0,0,10,0.0,0.0,0.0,5,0,5,0,0,0,5,0,0,0,0,0,0,0,0,0,0,0,0,7,0,0,0,0,0,0,0,0,0,0,0,0,0,0,12,1,0
C:\Users\costa\Desktop\ing-soft2\ing-soft2\repository\ASD\src\adapter\lab\ITargetStack.java,adapter.lab.ITargetStack,interface,0,2,2,0,4,1,0,0,6,0.0,0.0,0.0,4,0,4,0,0,0,4,0,0,0,0,0,0,0,0,0,0,0,0,6,0,0,0,0,0,0,0,0,0,0,0,0,0,0,9,1,0
C:\Users\costa\Desktop\ing-soft2\ing-soft2\repository\ASD\src\abstractfactory\lab\AbstractBoxGift.java,abstractfactory.lab.AbstractBoxGift,class,0,1,1,0,1,1,0,0,0,1.0,NaN,NaN,1,0,1,0,0,0,1,1,0,0,1,0,0,0,1,0,0,0,0,4,0,0,0,0,0,0,0,0,0,1,0,0,0,0,8,1025,0
C:\Users\costa\Desktop\ing-soft2\ing-soft2\repository\ASD\src\proxy\lab\RowLockTableProxy.java,proxy.lab.RowLockTableProxy,class,3,3,0,3,10,1,0,3,24,0.61111116,0.0,0.0,9,0,9,0,0,0,9,0,0,0,2,0,0,0,0,2,0,0,0,34,4,1,0,0,0,0,2,4,0,3,1,0,0,0,25,1,0
C:\Users\costa\Desktop\ing-soft2\ing-soft2\repository\ASD\src\prototype\lab\DeepCopySerialization.java,prototype.lab.DeepCopySerialization,class,1,1,0,1,2,1,0,6,0,0.0,NaN,NaN,1,0,0,0,1,0,1,0,0,0,0,0,0,0,0,0,0,0,0,18,1,0,0,1,0,0,0,4,0,4,1,0,0,0,20,1,0
C:\Users\costa\Desktop\ing-soft2\ing-soft2\repository\ASD\src\abstractfactory\MacListbox.java,abstractfactory.MacListbox,class,1,2,1,1,0,2,0,0,0,0.0,-1.0,-1.0,0,0,0,0,0,0,0,0,0,0,0,0,0,0,0,0,0,0,0,2,0,0,0,0,0,0,0,0,0,0,0,0,0,0,4,1,0
C:\Users\costa\Desktop\ing-soft2\ing-soft2\repository\ASD\src\factorymethod\FactoryMethodClient.java,factorymethod.FactoryMethodClient,class,4,4,0,4,1,1,0,5,0,0.0,NaN,NaN,1,1,1,0,0,0,1,0,0,0,0,0,0,0,0,0,0,0,1,9,0,0,0,0,0,1,0,3,0,3,0,0,0,0,10,1,0
C:\Users\costa\Desktop\ing-soft2\ing-soft2\repository\ASD\src\prototype\Person.java,prototype.Person,class,2,4,2,2,3,1,0,0,0,0.0,0.0,0.0,3,0,3,0,0,0,3,0,0,0,1,0,0,0,0,1,0,0,0,12,2,0,0,0,0,1,0,1,1,1,0,0,0,0,10,1,0
C:\Users\costa\Desktop\ing-soft2\ing-soft2\repository\ASD\src\chain\lab\CallRecord.java,chain.lab.CallRecord,class,2,7,5,2,12,1,0,2,41,0.8,0.0,0.0,11,0,11,0,0,0,11,0,0,0,5,0,0,5,0,0,0,0,0,42,6,0,1,0,0,3,0,7,1,6,1,0,0,0,20,1,0
C:\Users\costa\Desktop\ing-soft2\ing-soft2\repository\ASD\src\chain\lab\DataAgent.java,chain.lab.DataAgent,class,3,9,6,3,2,1,3,1,1,1.0,0.0,0.0,2,0,1,0,1,0,2,1,0,0,1,0,0,0,1,0,0,0,0,7,0,0,0,0,0,2,0,0,1,1,0,0,0,0,13,1025,0
C:\Users\costa\Desktop\ing-soft2\ing-soft2\repository\ASD\src\templatemethod\IOrder.java,templatemethod.IOrder,interface,0,2,2,0,0,1,0,0,0,0.0,-1.0,-1.0,0,0,0,0,0,0,0,0,0,0,0,0,0,0,0,0,0,0,0,2,0,0,0,0,0,0,0,0,0,0,0,0,0,0,2,1,0
C:\Users\costa\Desktop\ing-soft2\ing-soft2\repository\ASD\src\templatemethod\SlowOrderProcessor.java,templatemethod.SlowOrderProcessor,class,2,2,0,2,3,2,0,0,3,0.0,0.0,0.0,3,0,3,0,0,0,3,0,0,0,0,0,0,0,0,0,0,0,0,10,2,0,0,0,0,0,2,0,0,0,0,0,0,0,13,1,0
C:\Users\costa\Desktop\ing-soft2\ing-soft2\repository\ASD\src\adapter\lab\Adaptee.java,adapter.lab.Adaptee,class,0,1,1,0,15,1,0,2,0,0.5384615,0.0,0.0,13,0,13,0,0,0,13,0,0,0,2,0,0,2,0,0,0,0,1,49,6,1,1,0,0,0,5,8,1,4,1,0,0,0,18,1,0
C:\Users\costa\Desktop\ing-soft2\ing-soft2\repository\ASD\src\templatemethod\lab\PrintAlphabet.java,templatemethod.lab.PrintAlphabet,class,2,5,3,2,10,1,1,6,10,0.0,0.0,0.0,5,0,5,0,0,0,5,3,1,0,0,0,0,0,0,0,0,0,0,30,0,2,1,0,0,1,2,5,0,3,1,0,0,0,15,1025,0
C:\Users\costa\Desktop\ing-soft2\ing-soft2\repository\ASD\src\abstractfactory\lab\Address.java,abstractfactory.lab.Address,class,0,1,1,0,10,1,0,0,37,0.82,0.0,0.0,10,0,10,0,0,0,10,0,0,0,5,0,0,5,0,0,0,0,0,37,5,0,0,0,0,0,0,5,0,5,0,0,0,0,13,1,0
C:\Users\costa\Desktop\ing-soft2\ing-soft2\repository\ASD\src\adapter\lab\Adapter.java,adapter.lab.Adapter,class,3,4,1,3,7,1,0,9,0,0.0,0.0,0.0,7,0,7,0,0,0,7,0,0,0,1,0,0,0,0,1,0,0,0,33,3,0,0,0,0,0,0,5,0,5,0,0,0,0,16,1,0
C:\Users\costa\Desktop\ing-soft2\ing-soft2\repository\ASD\src\abstractfactory\lab\GiftPack.java,abstractfactory.lab.GiftPack,class,2,2,0,2,6,1,0,0,9,0.6666667,0.0,0.0,6,0,6,0,0,0,6,0,0,0,3,0,0,3,0,0,0,0,0,23,3,0,0,0,0,0,0,3,0,3,0,0,0,0,11,1,0
C:\Users\costa\Desktop\ing-soft2\ing-soft2\repository\ASD\src\abstractfactory\MacFrame.java,abstractfactory.MacFrame,class,1,2,1,1,0,2,0,0,0,0.0,-1.0,-1.0,0,0,0,0,0,0,0,0,0,0,0,0,0,0,0,0,0,0,0,2,0,0,0,0,0,0,0,0,0,0,0,0,0,0,4,1,0
C:\Users\costa\Desktop\ing-soft2\ing-soft2\repository\ASD\src\chain\lab\ChainClient.java,chain.lab.ChainClient,class,4,5,1,4,3,1,0,3,1,0.5,0.0,0.0,2,1,2,0,0,0,2,0,0,0,1,0,0,1,0,0,0,0,0,12,0,0,1,0,0,0,0,3,0,3,1,0,0,0,14,1,0
C:\Users\costa\Desktop\ing-soft2\ing-soft2\repository\ASD\src\abstractfactory\lab\GiftItem.java,abstractfactory.lab.GiftItem,class,1,2,1,1,10,1,0,0,35,0.8,0.0,0.0,10,0,10,0,0,0,10,0,0,0,5,0,0,5,0,0,0,0,0,37,5,0,0,0,0,0,0,5,0,5,0,0,0,0,12,1,0
C:\Users\costa\Desktop\ing-soft2\ing-soft2\repository\ASD\src\abstractfactory\WindowsWidgetFactory.java,abstractfactory.WindowsWidgetFactory,class,9,10,1,9,4,1,0,0,6,0.0,0.0,0.0,4,0,4,0,0,0,4,0,0,0,0,0,0,0,0,0,0,0,0,14,4,0,0,0,0,0,0,0,0,0,0,0,0,0,9,1,0
C:\Users\costa\Desktop\ing-soft2\ing-soft2\repository\ASD\src\chain\AbstractAgent.java,chain.AbstractAgent,class,2,8,6,2,7,1,3,6,6,0.75,0.0,0.0,4,0,3,0,1,0,4,2,0,0,1,0,0,0,1,0,0,0,0,20,0,0,1,0,0,3,0,0,1,1,3,0,0,0,16,1025,0
C:\Users\costa\Desktop\ing-soft2\ing-soft2\repository\ASD\src\prototype\Client.java,prototype.Client,class,1,1,0,1,1,1,0,2,0,0.0,NaN,NaN,1,1,1,0,0,0,1,0,0,0,0,0,0,0,0,0,0,0,0,8,0,0,0,0,0,3,0,2,2,2,0,0,0,0,6,1,0
C:\Users\costa\Desktop\ing-soft2\ing-soft2\repository\ASD\src\templatemethod\lab\Client.java,templatemethod.lab.Client,class,4,5,1,4,4,1,0,9,1,0.0,0.0,0.0,2,2,2,0,0,0,2,0,0,0,0,0,0,0,0,0,0,0,3,26,1,2,0,0,0,6,8,8,1,7,2,0,0,0,19,1,0
C:\Users\costa\Desktop\ing-soft2\ing-soft2\repository\ASD\src\abstractfactory\WindowsFrame.java,abstractfactory.WindowsFrame,class,1,2,1,1,0,2,0,0,0,0.0,-1.0,-1.0,0,0,0,0,0,0,0,0,0,0,0,0,0,0,0,0,0,0,0,2,0,0,0,0,0,0,0,0,0,0,0,0,0,0,4,1,0
C:\Users\costa\Desktop\ing-soft2\ing-soft2\repository\ASD\src\chain\Request.java,chain.Request,class,1,7,6,1,7,1,0,0,2,0.5,0.0,0.0,5,0,5,0,0,0,5,0,0,0,2,0,0,2,0,0,0,0,0,31,3,0,0,0,0,6,0,6,1,3,1,0,0,0,14,1,0
C:\Users\costa\Desktop\ing-soft2\ing-soft2\repository\ASD\src\chain\SupervisorAgent.java,chain.SupervisorAgent,class,2,3,1,2,3,2,0,1,1,0.0,0.0,0.0,2,0,2,0,0,0,2,0,0,0,0,0,0,0,0,0,0,0,0,8,2,0,1,0,1,1,0,0,0,0,0,0,0,0,9,1,0
C:\Users\costa\Desktop\ing-soft2\ing-soft2\repository\ASD\src\factorymethod\lab\DebugToolFactory.java,factorymethod.lab.DebugToolFactory,class,4,5,1,4,3,1,0,1,0,0.0,NaN,NaN,1,0,1,0,0,0,1,0,0,0,0,0,0,0,0,0,0,0,0,8,1,0,0,0,0,2,0,3,0,1,1,0,0,0,11,1,0
C:\Users\costa\Desktop\ing-soft2\ing-soft2\repository\ASD\src\factorymethod\lab\ConsoleTrace.java,factorymethod.lab.ConsoleTrace,class,1,2,1,1,3,1,0,0,3,0.0,0.0,0.0,3,0,3,0,0,0,3,0,0,0,0,0,0,0,0,0,0,0,0,8,0,0,0,0,0,0,0,0,0,0,0,0,0,0,7,1,0
C:\Users\costa\Desktop\ing-soft2\ing-soft2\repository\ASD\src\factorymethod\Pizza.java,factorymethod.Pizza,class,0,7,7,0,0,1,4,0,0,NaN,-1.0,-1.0,0,0,0,0,0,0,0,0,0,0,3,0,0,0,0,3,0,0,0,5,0,0,0,0,0,0,0,0,0,3,0,0,0,0,4,1025,0
C:\Users\costa\Desktop\ing-soft2\ing-soft2\repository\ASD\src\composite\lab\HtmlTree.java,composite.lab.HtmlTree,class,0,0,0,0,0,1,0,0,0,0.0,-1.0,-1.0,0,0,0,0,0,0,0,0,0,0,0,0,0,0,0,0,0,0,0,2,0,0,0,0,0,0,0,0,0,0,0,0,0,0,2,1025,0
C:\Users\costa\Desktop\ing-soft2\ing-soft2\repository\ASD\src\abstractfactory\WindowsButton.java,abstractfactory.WindowsButton,class,1,2,1,1,0,2,0,0,0,0.0,-1.0,-1.0,0,0,0,0,0,0,0,0,0,0,0,0,0,0,0,0,0,0,0,2,0,0,0,0,0,0,0,0,0,0,0,0,0,0,4,1,0
C:\Users\costa\Desktop\ing-soft2\ing-soft2\repository\ASD\src\proxy\lab\Table.java,proxy.lab.Table,class,2,3,1,2,8,1,0,0,28,0.875,0.0,0.0,8,0,8,0,0,0,8,0,0,0,1,0,0,1,0,0,0,0,0,23,4,0,0,0,0,0,1,0,0,1,0,0,0,0,20,1,0
C:\Users\costa\Desktop\ing-soft2\ing-soft2\repository\ASD\src\abstractfactory\WindowsListbox.java,abstractfactory.WindowsListbox,class,1,2,1,1,0,2,0,0,0,0.0,-1.0,-1.0,0,0,0,0,0,0,0,0,0,0,0,0,0,0,0,0,0,0,0,2,0,0,0,0,0,0,0,0,0,0,0,0,0,0,4,1,0
C:\Users\costa\Desktop\ing-soft2\ing-soft2\repository\ASD\src\templatemethod\lab\ConcretePrintAlphabet.java,templatemethod.lab.ConcretePrintAlphabet,class,2,4,2,2,10,2,0,1,6,0.0,0.0,0.0,4,0,3,1,0,0,3,0,0,0,0,0,0,0,0,0,0,0,0,28,3,6,0,0,3,0,15,12,6,9,2,0,0,0,14,1,0
C:\Users\costa\Desktop\ing-soft2\ing-soft2\repository\ASD\src\adapter\Target.java,adapter.Target,interface,0,2,2,0,4,1,0,0,6,0.0,0.0,0.0,4,0,4,0,0,0,4,0,0,0,0,0,0,0,0,0,0,0,0,6,0,0,0,0,0,0,0,0,0,0,0,0,0,0,7,1,0
C:\Users\costa\Desktop\ing-soft2\ing-soft2\repository\ASD\src\chain\ChainBuilder.java,chain.ChainBuilder,class,5,7,2,5,3,1,0,1,1,0.33333334,0.0,0.0,3,0,3,0,0,0,3,0,0,0,1,0,0,1,0,0,0,0,0,17,1,0,0,0,0,0,0,6,0,4,0,0,0,0,14,1,0
C:\Users\costa\Desktop\ing-soft2\ing-soft2\repository\ASD\src\adapter\lab\Client.java,adapter.lab.Client,class,3,3,0,3,1,1,0,7,0,0.0,NaN,NaN,1,1,1,0,0,0,1,0,0,0,0,0,0,0,0,0,0,0,0,27,0,0,0,0,0,8,0,2,0,2,0,0,0,0,10,1,0
C:\Users\costa\Desktop\ing-soft2\ing-soft2\repository\ASD\src\abstractfactory\AbstractButtonWidget.java,abstractfactory.AbstractButtonWidget,class,0,6,6,0,0,1,2,0,0,0.0,-1.0,-1.0,0,0,0,0,0,0,0,0,0,0,0,0,0,0,0,0,0,0,0,2,0,0,0,0,0,0,0,0,0,0,0,0,0,0,3,1025,0
C:\Users\costa\Desktop\ing-soft2\ing-soft2\repository\ASD\src\templatemethod\AOrderProcessor.java,templatemethod.AOrderProcessor,class,2,4,2,2,5,1,1,4,10,0.0,0.0,0.0,5,0,4,1,0,0,4,3,1,0,0,0,0,0,0,0,0,0,0,17,1,0,0,0,0,3,0,6,0,4,0,0,0,0,25,1025,0
C:\Users\costa\Desktop\ing-soft2\ing-soft2\repository\ASD\src\prototype\lab\Client.java,prototype.lab.Client,class,2,3,1,2,7,1,0,16,3,0.0,0.0,0.0,3,3,3,0,0,0,3,0,0,0,0,0,0,0,0,0,0,0,5,42,2,3,0,1,0,6,5,8,0,7,2,0,0,0,21,1,0
C:\Users\costa\Desktop\ing-soft2\ing-soft2\repository\ASD\src\proxy\ICommandExecutor.java,proxy.ICommandExecutor,interface,0,3,3,0,1,1,0,0,0,0.0,NaN,NaN,1,0,1,0,0,0,1,0,0,0,0,0,0,0,0,0,0,0,0,3,0,0,0,0,0,0,0,0,0,0,0,0,0,0,6,1,0
C:\Users\costa\Desktop\ing-soft2\ing-soft2\repository\ASD\src\chain\lab\ChainBuilder.java,chain.lab.ChainBuilder,class,5,7,2,5,3,1,0,1,1,0.33333334,0.0,0.0,3,0,3,0,0,0,3,0,0,0,1,0,0,1,0,0,0,0,0,17,1,0,0,0,0,0,0,6,0,4,0,0,0,0,14,1,0
C:\Users\costa\Desktop\ing-soft2\ing-soft2\repository\ASD\src\factorymethod\lab\Trace.java,factorymethod.lab.Trace,interface,0,5,5,0,3,1,0,0,3,0.0,0.0,0.0,3,0,3,0,0,0,3,0,0,0,0,0,0,0,0,0,0,0,0,5,0,0,0,0,0,0,0,0,0,0,0,0,0,0,6,1,0
C:\Users\costa\Desktop\ing-soft2\ing-soft2\repository\ASD\src\prototype\lab\Prototype.java,prototype.lab.Prototype,interface,1,2,1,1,1,1,0,0,0,0.0,NaN,NaN,1,0,1,0,0,0,1,0,0,0,0,0,0,0,0,0,0,0,0,3,0,0,0,0,0,0,0,0,0,0,0,0,0,0,3,1,0
C:\Users\costa\Desktop\ing-soft2\ing-soft2\repository\ASD\src\iterator\lab\NameRepository.java,iterator.lab.NameRepository,class,3,4,1,3,2,1,0,0,1,1.0,0.0,0.0,2,0,2,0,0,0,2,0,0,0,1,0,0,1,0,0,0,0,0,27,1,0,0,0,0,7,0,1,0,1,0,0,1,0,7,1,0
C:\Users\costa\Desktop\ing-soft2\ing-soft2\repository\ASD\src\prototype\lab\Employee.java,prototype.lab.Employee,class,1,3,2,1,32,1,0,14,214,0.8535714,0.0,0.0,28,0,25,2,1,0,26,0,0,0,10,1,0,10,0,0,1,0,1,121,12,1,2,0,0,7,5,27,4,14,2,0,0,0,47,1,0
C:\Users\costa\Desktop\ing-soft2\ing-soft2\repository\ASD\src\chain\lab\DataValidatorAgent.java,chain.lab.DataValidatorAgent,class,4,6,2,4,9,2,0,9,3,0.0,0.0,0.0,3,0,3,0,0,0,3,0,0,0,0,0,0,0,0,0,0,0,0,17,1,0,5,0,1,1,0,0,1,0,1,0,0,0,15,1,0
C:\Users\costa\Desktop\ing-soft2\ing-soft2\repository\ASD\src\iterator\Aggregate.java,iterator.Aggregate,interface,1,2,1,1,1,1,0,0,0,0.0,NaN,NaN,1,0,1,0,0,0,1,0,0,0,0,0,0,0,0,0,0,0,0,3,0,0,0,0,0,0,0,0,0,0,0,0,0,0,3,1,0
C:\Users\costa\Desktop\ing-soft2\ing-soft2\repository\ASD\src\factorymethod\lab\ITraceFactory.java,factorymethod.lab.ITraceFactory,interface,1,3,2,1,1,1,0,0,0,0.0,NaN,NaN,1,0,1,0,0,0,1,0,0,0,0,0,0,0,0,0,0,0,0,3,0,0,0,0,0,0,0,0,0,0,0,0,0,0,5,1,0
C:\Users\costa\Desktop\ing-soft2\ing-soft2\repository\ASD\src\iterator\IteratorClient.java,iterator.IteratorClient,class,2,2,0,2,2,1,0,4,0,0.0,NaN,NaN,1,1,1,0,0,0,1,0,0,0,0,0,0,0,0,0,0,0,0,9,0,1,0,0,0,0,0,2,0,2,1,0,0,0,8,1,0
C:\Users\costa\Desktop\ing-soft2\ing-soft2\repository\ASD\src\abstractfactory\GUIBuilder.java,abstractfactory.GUIBuilder,class,8,9,1,8,6,1,0,8,1,0.33333334,0.0,0.0,3,1,3,0,0,0,3,0,0,0,1,0,0,1,0,0,0,0,2,26,2,0,1,0,0,5,0,8,0,7,1,0,0,0,25,1,0
C:\Users\costa\Desktop\ing-soft2\ing-soft2\repository\ASD\src\abstractfactory\lab\AbstractBagGift.java,abstractfactory.lab.AbstractBagGift,class,0,1,1,0,1,1,0,0,0,1.0,NaN,NaN,1,0,1,0,0,0,1,1,0,0,1,0,0,0,1,0,0,0,0,4,0,0,0,0,0,0,0,0,0,1,0,0,0,0,8,1025,0
C:\Users\costa\Desktop\ing-soft2\ing-soft2\repository\ASD\src\factorymethod\lab\FileTrace.java,factorymethod.lab.FileTrace,class,1,2,1,1,3,1,0,0,3,0.0,0.0,0.0,3,0,3,0,0,0,3,0,0,0,0,0,0,0,0,0,0,0,0,8,0,0,0,0,0,0,0,0,0,0,0,0,0,0,7,1,0
C:\Users\costa\Desktop\ing-soft2\ing-soft2\repository\ASD\src\factorymethod\VeggiePizza.java,factorymethod.VeggiePizza,class,1,2,1,1,0,2,0,0,0,0.0,-1.0,-1.0,0,0,0,0,0,0,0,0,0,0,0,0,0,0,0,0,0,0,0,2,0,0,0,0,0,0,0,0,0,0,0,0,0,0,2,1,0
C:\Users\costa\Desktop\ing-soft2\ing-soft2\repository\ASD\src\templatemethod\lab\SymmetryType.java,templatemethod.lab.SymmetryType,enum,0,1,1,0,0,1,0,0,0,0.0,-1.0,-1.0,0,0,0,0,0,0,0,0,0,0,0,0,0,0,0,0,0,0,0,1,0,0,0,0,0,0,0,0,0,0,0,0,0,0,6,1,0
C:\Users\costa\Desktop\ing-soft2\ing-soft2\repository\ASD\src\templatemethod\lab\ReadFile.java,templatemethod.lab.ReadFile,class,0,1,1,0,3,1,0,8,0,0.0,NaN,NaN,1,0,1,0,0,0,1,0,0,0,0,0,0,0,0,0,0,0,0,18,1,1,0,1,0,0,0,4,0,4,2,0,0,0,19,1,0
C:\Users\costa\Desktop\ing-soft2\ing-soft2\repository\ASD\src\proxy\CommandExecutorProtectionProxy.java,proxy.CommandExecutorProtectionProxy,class,2,3,1,2,6,1,0,4,0,0.0,0.0,0.0,2,0,2,0,0,0,2,0,0,0,2,0,0,1,0,1,0,0,0,19,0,0,0,0,0,4,0,2,0,2,1,0,0,0,19,1,0
C:\Users\costa\Desktop\ing-soft2\ing-soft2\repository\ASD\src\abstractfactory\lab\AbstractWrapGift.java,abstractfactory.lab.AbstractWrapGift,class,0,1,1,0,1,1,0,0,0,1.0,NaN,NaN,1,0,1,0,0,0,1,1,0,0,1,0,0,0,1,0,0,0,0,4,0,0,0,0,0,0,0,0,0,1,0,0,0,0,8,1025,0
C:\Users\costa\Desktop\ing-soft2\ing-soft2\repository\ASD\src\composite\Component.java,composite.Component,class,0,0,0,0,0,1,0,0,0,0.0,-1.0,-1.0,0,0,0,0,0,0,0,0,0,0,0,0,0,0,0,0,0,0,0,2,0,0,0,0,0,0,0,0,0,0,0,0,0,0,1,1025,0
C:\Users\costa\Desktop\ing-soft2\ing-soft2\repository\ASD\src\prototype\Prototype.java,prototype.Prototype,interface,1,3,2,1,1,1,0,0,0,0.0,NaN,NaN,1,0,1,0,0,0,1,0,0,0,0,0,0,0,0,0,0,0,0,3,0,0,0,0,0,0,0,0,0,0,0,0,0,0,3,1,0
C:\Users\costa\Desktop\ing-soft2\ing-soft2\repository\ASD\src\singleton\Singleton.java,singleton.Singleton,class,1,2,1,1,3,1,0,0,1,0.5,NaN,NaN,2,1,1,1,0,0,1,0,0,1,1,1,0,1,0,0,0,0,0,9,1,0,1,0,0,0,0,2,0,1,1,0,0,0,5,1,0
C:\Users\costa\Desktop\ing-soft2\ing-soft2\repository\ASD\src\adapter\Client.java,adapter.Client,class,2,2,0,2,1,1,0,4,0,0.0,NaN,NaN,1,1,1,0,0,0,1,0,0,0,0,0,0,0,0,0,0,0,0,22,0,0,0,0,0,8,0,1,0,1,0,0,0,0,6,1,0
C:\Users\costa\Desktop\ing-soft2\ing-soft2\repository\ASD\src\factorymethod\PepperoniPizza.java,factorymethod.PepperoniPizza,class,1,2,1,1,0,2,0,0,0,0.0,-1.0,-1.0,0,0,0,0,0,0,0,0,0,0,0,0,0,0,0,0,0,0,0,2,0,0,0,0,0,0,0,0,0,0,0,0,0,0,2,1,0
C:\Users\costa\Desktop\ing-soft2\ing-soft2\repository\ASD\src\abstractfactory\MacButton.java,abstractfactory.MacButton,class,1,2,1,1,0,2,0,0,0,0.0,-1.0,-1.0,0,0,0,0,0,0,0,0,0,0,0,0,0,0,0,0,0,0,0,2,0,0,0,0,0,0,0,0,0,0,0,0,0,0,4,1,0
C:\Users\costa\Desktop\ing-soft2\ing-soft2\repository\ASD\src\chain\RequestType.java,chain.RequestType,enum,0,1,1,0,0,1,0,0,0,0.0,-1.0,-1.0,0,0,0,0,0,0,0,0,0,0,0,0,0,0,0,0,0,0,0,1,0,0,0,0,0,0,0,0,0,0,0,0,0,0,9,1,0
C:\Users\costa\Desktop\ing-soft2\ing-soft2\repository\ASD\src\chain\SeniorAgent.java,chain.SeniorAgent,class,2,3,1,2,3,2,0,1,1,0.0,0.0,0.0,2,0,2,0,0,0,2,0,0,0,0,0,0,0,0,0,0,0,0,8,2,0,1,0,1,1,0,0,0,0,0,0,0,0,9,1,0
C:\Users\costa\Desktop\ing-soft2\ing-soft2\repository\ASD\src\factorymethod\lab\FactoryClient.java,factorymethod.lab.FactoryClient,class,3,3,0,3,1,1,0,3,0,0.0,NaN,NaN,1,1,1,0,0,0,1,0,0,0,0,0,0,0,0,0,0,0,0,8,0,0,0,0,0,2,1,2,0,2,0,0,0,0,10,1,2
C:\Users\costa\Desktop\ing-soft2\ing-soft2\repository\ASD\src\abstractfactory\MacWidgetFactory.java,abstractfactory.MacWidgetFactory,class,9,10,1,9,4,1,0,0,6,0.0,0.0,0.0,4,0,4,0,0,0,4,0,0,0,0,0,0,0,0,0,0,0,0,14,4,0,0,0,0,0,0,0,0,0,0,0,0,0,9,1,0
C:\Users\costa\Desktop\ing-soft2\ing-soft2\repository\ASD\src\proxy\Client.java,proxy.Client,class,2,2,0,2,2,1,0,2,0,0.0,NaN,NaN,1,1,1,0,0,0,1,0,0,0,0,0,0,0,0,0,0,0,0,14,0,0,0,1,0,6,0,1,0,1,1,0,0,0,11,1,0
C:\Users\costa\Desktop\ing-soft2\ing-soft2\repository\ASD\src\proxy\lab\IRow.java,proxy.lab.IRow,interface,0,3,3,0,0,1,0,0,0,0.0,-1.0,-1.0,0,0,0,0,0,0,0,0,0,0,0,0,0,0,0,0,0,0,0,2,0,0,0,0,0,0,0,0,0,0,0,0,0,0,2,1,0
C:\Users\costa\Desktop\ing-soft2\ing-soft2\repository\ASD\src\abstractfactory\WidgetFactory.java,abstractfactory.WidgetFactory,interface,4,7,3,4,4,1,0,0,6,0.0,0.0,0.0,4,0,4,0,0,0,4,0,0,0,0,0,0,0,0,0,0,0,0,6,0,0,0,0,0,0,0,0,0,0,0,0,0,0,8,1,0
C:\Users\costa\Desktop\ing-soft2\ing-soft2\repository\ASD\src\chain\lab\DataWasherAgent.java,chain.lab.DataWasherAgent,class,2,3,1,2,2,2,0,4,0,0.0,NaN,NaN,1,0,1,0,0,0,1,0,0,0,0,0,0,0,0,0,0,0,0,11,0,0,0,0,0,1,0,0,0,0,1,0,0,0,12,1,0
C:\Users\costa\Desktop\ing-soft2\ing-soft2\repository\ASD\src\iterator\lab\NameRepository.java,iterator.lab.NameRepository$NameIterator,innerclass,2,2,0,2,7,1,0,4,0,0.16666667,0.0,0.0,2,0,2,0,0,0,2,0,0,0,2,0,0,0,0,2,0,0,0,19,4,0,1,0,1,1,1,3,0,5,2,0,0,1,12,2,0
C:\Users\costa\Desktop\ing-soft2\ing-soft2\repository\ASD\src\adapter\lab\ITargetQueue.java,adapter.lab.ITargetQueue,interface,0,2,2,0,4,1,0,0,6,0.0,0.0,0.0,4,0,4,0,0,0,4,0,0,0,0,0,0,0,0,0,0,0,0,6,0,0,0,0,0,0,0,0,0,0,0,0,0,0,9,1,0
C:\Users\costa\Desktop\ing-soft2\ing-soft2\repository\ASD\src\iterator\Iterator.java,iterator.Iterator,interface,0,4,4,0,2,1,0,0,1,0.0,0.0,0.0,2,0,2,0,0,0,2,0,0,0,0,0,0,0,0,0,0,0,0,4,0,0,0,0,0,0,0,0,0,0,0,0,0,0,5,1,0
C:\Users\costa\Desktop\ing-soft2\ing-soft2\repository\ASD\src\abstractfactory\AbstractCheckboxWidget.java,abstractfactory.AbstractCheckboxWidget,class,0,6,6,0,0,1,2,0,0,0.0,-1.0,-1.0,0,0,0,0,0,0,0,0,0,0,0,0,0,0,0,0,0,0,0,2,0,0,0,0,0,0,0,0,0,0,0,0,0,0,3,1025,0
C:\Users\costa\Desktop\ing-soft2\ing-soft2\repository\ASD\src\abstractfactory\WindowsCheckbox.java,abstractfactory.WindowsCheckbox,class,1,2,1,1,0,2,0,0,0,0.0,-1.0,-1.0,0,0,0,0,0,0,0,0,0,0,0,0,0,0,0,0,0,0,0,2,0,0,0,0,0,0,0,0,0,0,0,0,0,0,4,1,0
C:\Users\costa\Desktop\ing-soft2\ing-soft2\repository\ASD\src\chain\ChainClient.java,chain.ChainClient,class,4,5,1,4,3,1,0,4,1,0.5,0.0,0.0,2,1,2,0,0,0,2,0,0,0,1,0,0,1,0,0,0,0,0,13,0,0,1,0,0,0,0,3,0,3,1,0,0,0,12,1,0
C:\Users\costa\Desktop\ing-soft2\ing-soft2\repository\ASD\src\factorymethod\PizzaFactory.java,factorymethod.PizzaFactory,interface,1,3,2,1,1,1,0,0,0,0.0,NaN,NaN,1,0,1,0,0,0,1,0,0,0,0,0,0,0,0,0,0,0,0,3,0,0,0,0,0,0,0,0,0,0,0,0,0,0,4,1,0
C:\Users\costa\Desktop\ing-soft2\ing-soft2\repository\ASD\src\adapter\Adapter.java,adapter.Adapter,class,2,3,1,2,5,1,0,7,0,0.0,0.0,0.0,5,0,5,0,0,0,5,0,0,0,1,0,0,0,0,1,0,0,0,23,2,0,0,0,0,0,0,3,0,3,0,0,0,0,11,1,0
C:\Users\costa\Desktop\ing-soft2\ing-soft2\repository\ASD\src\iterator\NameRepository.java,iterator.NameRepository$NameIterator,innerclass,2,2,0,2,4,1,0,1,0,0.0,0.0,0.0,2,0,2,0,0,0,2,0,0,0,1,0,0,0,0,1,0,0,0,10,3,0,0,0,1,0,0,0,0,1,1,0,0,0,8,2,0
C:\Users\costa\Desktop\ing-soft2\ing-soft2\repository\ASD\src\chain\lab\Address.java,chain.lab.Address,class,0,2,2,0,8,1,0,0,22,0.78125,0.0,0.0,8,0,8,0,0,0,8,0,0,0,4,0,0,4,0,0,0,0,0,30,4,0,0,0,0,0,0,4,0,4,0,0,0,0,11,1,0
C:\Users\costa\Desktop\ing-soft2\ing-soft2\repository\ASD\src\singleton\EnumSingleton.java,singleton.EnumSingleton,enum,0,0,0,0,1,1,0,1,0,0.0,NaN,NaN,1,0,1,0,0,0,1,0,0,0,0,0,0,0,0,0,0,0,0,4,0,0,0,0,0,1,0,0,0,0,0,0,0,0,11,1,0
C:\Users\costa\Desktop\ing-soft2\ing-soft2\repository\ASD\src\chain\lab\Customer.java,chain.lab.Customer,class,1,3,2,1,10,1,0,0,35,0.8,0.0,0.0,10,0,10,0,0,0,10,0,0,0,5,0,0,5,0,0,0,0,0,37,5,0,0,0,0,0,0,5,0,5,0,0,0,0,14,1,0
C:\Users\costa\Desktop\ing-soft2\ing-soft2\repository\ASD\src\chain\lab\DataReporterAgent.java,chain.lab.DataReporterAgent,class,2,3,1,2,3,2,0,3,0,0.0,NaN,NaN,1,0,1,0,0,0,1,0,0,0,0,0,0,0,0,0,0,0,0,10,0,0,0,0,0,2,0,0,1,0,1,0,0,0,10,1,0
C:\Users\costa\Desktop\ing-soft2\ing-soft2\repository\ASD\src\proxy\CommandExecutor.java,proxy.CommandExecutor,class,1,2,1,1,1,1,0,3,0,0.0,NaN,NaN,1,0,1,0,0,0,1,0,0,0,0,0,0,0,0,0,0,0,1,6,0,0,0,0,0,2,0,0,1,0,0,0,0,0,8,1,0
C:\Users\costa\Desktop\ing-soft2\ing-soft2\repository\ASD\src\iterator\lab\Iterator.java,iterator.lab.Iterator,interface,0,4,4,0,2,1,0,0,1,0.0,0.0,0.0,2,0,2,0,0,0,2,0,0,0,0,0,0,0,0,0,0,0,0,4,0,0,0,0,0,0,0,0,0,0,0,0,0,0,5,1,0
C:\Users\costa\Desktop\ing-soft2\ing-soft2\repository\ASD\src\adapter\Adaptee.java,adapter.Adaptee,class,0,1,1,0,13,1,0,2,0,0.51515156,0.0,0.0,11,0,11,0,0,0,11,0,0,0,2,0,0,2,0,0,0,0,1,43,5,1,1,0,0,0,5,7,1,4,1,0,0,0,17,1,0
C:\Users\costa\Desktop\ing-soft2\ing-soft2\repository\ASD\src\abstractfactory\lab\Packaging.java,abstractfactory.lab.Packaging,interface,0,1,1,0,1,1,0,0,0,0.0,NaN,NaN,1,0,1,0,0,0,1,0,0,0,0,0,0,0,0,0,0,0,0,3,0,0,0,0,0,0,0,0,0,0,0,0,0,0,3,1,0
C:\Users\costa\Desktop\ing-soft2\ing-soft2\repository\ASD\src\chain\lab\Agent.java,chain.lab.Agent,class,1,2,1,1,6,1,0,0,15,0.8333333,0.0,0.0,6,0,6,0,0,0,6,0,0,0,2,0,0,2,0,0,0,0,0,24,2,0,0,0,0,0,0,4,0,2,0,0,0,0,9,1,0
C:\Users\costa\Desktop\ing-soft2\ing-soft2\repository\ASD\src\iterator\lab\Aggregate.java,iterator.lab.Aggregate,interface,1,2,1,1,1,1,0,0,0,0.0,NaN,NaN,1,0,1,0,0,0,1,0,0,0,0,0,0,0,0,0,0,0,0,3,0,0,0,0,0,0,0,0,0,0,0,0,0,0,3,1,0
C:\Users\costa\Desktop\ing-soft2\ing-soft2\repository\ASD\src\abstractfactory\lab\GiftFactory.java,abstractfactory.lab.GiftFactory,interface,3,3,0,3,3,1,0,0,3,0.0,0.0,0.0,3,0,3,0,0,0,3,0,0,0,0,0,0,0,0,0,0,0,0,5,0,0,0,0,0,0,0,0,0,0,0,0,0,0,7,1,0
C:\Users\costa\Desktop\ing-soft2\ing-soft2\repository\ASD\src\chain\JuniorAgent.java,chain.JuniorAgent,class,2,3,1,2,3,2,0,1,1,0.0,0.0,0.0,2,0,2,0,0,0,2,0,0,0,0,0,0,0,0,0,0,0,0,8,2,0,1,0,1,1,0,0,0,0,0,0,0,0,9,1,0
C:\Users\costa\Desktop\ing-soft2\ing-soft2\repository\ASD\src\abstractfactory\AbstractFrameWidget.java,abstractfactory.AbstractFrameWidget,class,0,6,6,0,0,1,2,0,0,0.0,-1.0,-1.0,0,0,0,0,0,0,0,0,0,0,0,0,0,0,0,0,0,0,0,2,0,0,0,0,0,0,0,0,0,0,0,0,0,0,3,1025,0
C:\Users\costa\Desktop\ing-soft2\ing-soft2\repository\ASD\src\factorymethod\CheesePizza.java,factorymethod.CheesePizza,class,1,3,2,1,0,2,0,0,0,0.0,-1.0,-1.0,0,0,0,0,0,0,0,0,0,0,0,0,0,0,0,0,0,0,0,2,0,0,0,0,0,0,0,0,0,0,0,0,0,0,2,1,0
C:\Users\costa\Desktop\ing-soft2\ing-soft2\repository\ASD\src\abstractfactory\AbstractListboxWidget.java,abstractfactory.AbstractListboxWidget,class,0,6,6,0,0,1,2,0,0,0.0,-1.0,-1.0,0,0,0,0,0,0,0,0,0,0,0,0,0,0,0,0,0,0,0,2,0,0,0,0,0,0,0,0,0,0,0,0,0,0,3,1025,0
C:\Users\costa\Desktop\ing-soft2\ing-soft2\repository\ASD\src\iterator\NameRepository.java,iterator.NameRepository,class,3,4,1,3,1,1,0,0,0,1.0,NaN,NaN,1,0,1,0,0,0,1,0,0,0,1,0,0,1,0,0,0,0,0,16,1,0,0,0,0,6,0,1,0,1,0,0,1,0,5,1,0
C:\Users\costa\Desktop\ing-soft2\ing-soft2\repository\ASD\src\factorymethod\ClamPizza.java,factorymethod.ClamPizza,class,1,2,1,1,0,2,0,0,0,0.0,-1.0,-1.0,0,0,0,0,0,0,0,0,0,0,0,0,0,0,0,0,0,0,0,2,0,0,0,0,0,0,0,0,0,0,0,0,0,0,2,1,0
C:\Users\costa\Desktop\ing-soft2\ing-soft2\repository\ASD\src\iterator\lab\IteratorClient.java,iterator.lab.IteratorClient,class,2,2,0,2,2,1,0,4,0,0.0,NaN,NaN,1,1,1,0,0,0,1,0,0,0,0,0,0,0,0,0,0,0,0,9,0,1,0,0,0,0,0,2,0,2,1,0,0,0,8,1,0
