file,class,type,cbo,cboModified,fanin,fanout,wmc,dit,noc,rfc,lcom,lcom*,tcc,lcc,totalMethodsQty,staticMethodsQty,publicMethodsQty,privateMethodsQty,protectedMethodsQty,defaultMethodsQty,visibleMethodsQty,abstractMethodsQty,finalMethodsQty,synchronizedMethodsQty,totalFieldsQty,staticFieldsQty,publicFieldsQty,privateFieldsQty,protectedFieldsQty,defaultFieldsQty,finalFieldsQty,synchronizedFieldsQty,nosi,loc,returnQty,loopQty,comparisonsQty,tryCatchQty,parenthesizedExpsQty,stringLiteralsQty,numbersQty,assignmentsQty,mathOperationsQty,variablesQty,maxNestedBlocksQty,anonymousClassesQty,innerClassesQty,lambdasQty,uniqueWordsQty,modifiers,logStatementsQty
C:\Users\costa\Desktop\ing-soft2\ing-soft2\repository\ASD\src\factorymethod\lab\FileTrace.java,factorymethod.lab.FileTrace,class,1,2,1,1,3,1,0,0,3,0.0,0.0,0.0,3,0,3,0,0,0,3,0,0,0,0,0,0,0,0,0,0,0,0,8,0,0,0,0,0,0,0,0,0,0,0,0,0,0,7,1,0
C:\Users\costa\Desktop\ing-soft2\ing-soft2\repository\ASD\src\factorymethod\SimplePizzaFactory.java,factorymethod.SimplePizzaFactory,class,7,9,2,7,7,1,0,1,3,0.6666667,0.0,0.0,3,1,2,1,0,0,2,0,0,0,1,1,0,1,0,0,0,0,0,24,2,0,0,0,0,4,0,6,0,2,1,0,0,0,13,1,0
C:\Users\costa\Desktop\ing-soft2\ing-soft2\repository\ASD\src\factorymethod\VeggiePizza.java,factorymethod.VeggiePizza,class,1,2,1,1,0,2,0,0,0,0.0,-1.0,-1.0,0,0,0,0,0,0,0,0,0,0,0,0,0,0,0,0,0,0,0,2,0,0,0,0,0,0,0,0,0,0,0,0,0,0,2,1,0
C:\Users\costa\Desktop\ing-soft2\ing-soft2\repository\ASD\src\templatemethod\lab\SymmetryType.java,templatemethod.lab.SymmetryType,enum,0,1,1,0,0,1,0,0,0,0.0,-1.0,-1.0,0,0,0,0,0,0,0,0,0,0,0,0,0,0,0,0,0,0,0,1,0,0,0,0,0,0,0,0,0,0,0,0,0,0,6,1,0
C:\Users\costa\Desktop\ing-soft2\ing-soft2\repository\ASD\src\templatemethod\lab\ReadFile.java,templatemethod.lab.ReadFile,class,0,1,1,0,3,1,0,8,0,0.0,NaN,NaN,1,0,1,0,0,0,1,0,0,0,0,0,0,0,0,0,0,0,0,18,1,1,0,1,0,0,0,4,0,4,2,0,0,0,19,1,0
C:\Users\costa\Desktop\ing-soft2\ing-soft2\repository\ASD\src\proxy\CommandExecutorProtectionProxy.java,proxy.CommandExecutorProtectionProxy,class,2,3,1,2,6,1,0,4,0,0.0,0.0,0.0,2,0,2,0,0,0,2,0,0,0,2,0,0,1,0,1,0,0,0,19,0,0,0,0,0,4,0,2,0,2,1,0,0,0,19,1,0
C:\Users\costa\Desktop\ing-soft2\ing-soft2\repository\ASD\src\adapter\lab\ITargetStack.java,adapter.lab.ITargetStack,interface,0,2,2,0,4,1,0,0,6,0.0,0.0,0.0,4,0,4,0,0,0,4,0,0,0,0,0,0,0,0,0,0,0,0,6,0,0,0,0,0,0,0,0,0,0,0,0,0,0,9,1,0
C:\Users\costa\Desktop\ing-soft2\ing-soft2\repository\ASD\src\composite\Component.java,composite.Component,class,0,0,0,0,0,1,0,0,0,0.0,-1.0,-1.0,0,0,0,0,0,0,0,0,0,0,0,0,0,0,0,0,0,0,0,2,0,0,0,0,0,0,0,0,0,0,0,0,0,0,1,1025,0
C:\Users\costa\Desktop\ing-soft2\ing-soft2\repository\ASD\src\prototype\Prototype.java,prototype.Prototype,interface,1,3,2,1,1,1,0,0,0,0.0,NaN,NaN,1,0,1,0,0,0,1,0,0,0,0,0,0,0,0,0,0,0,0,3,0,0,0,0,0,0,0,0,0,0,0,0,0,0,3,1,0
C:\Users\costa\Desktop\ing-soft2\ing-soft2\repository\ASD\src\singleton\Singleton.java,singleton.Singleton,class,1,2,1,1,3,1,0,0,1,0.5,NaN,NaN,2,1,1,1,0,0,1,0,0,1,1,1,0,1,0,0,0,0,0,9,1,0,1,0,0,0,0,2,0,1,1,0,0,0,5,1,0
C:\Users\costa\Desktop\ing-soft2\ing-soft2\repository\ASD\src\adapter\Client.java,adapter.Client,class,2,2,0,2,1,1,0,4,0,0.0,NaN,NaN,1,1,1,0,0,0,1,0,0,0,0,0,0,0,0,0,0,0,0,22,0,0,0,0,0,8,0,1,0,1,0,0,0,0,6,1,0
C:\Users\costa\Desktop\ing-soft2\ing-soft2\repository\ASD\src\factorymethod\PepperoniPizza.java,factorymethod.PepperoniPizza,class,1,2,1,1,0,2,0,0,0,0.0,-1.0,-1.0,0,0,0,0,0,0,0,0,0,0,0,0,0,0,0,0,0,0,0,2,0,0,0,0,0,0,0,0,0,0,0,0,0,0,2,1,0
C:\Users\costa\Desktop\ing-soft2\ing-soft2\repository\ASD\src\prototype\lab\DeepCopySerialization.java,prototype.lab.DeepCopySerialization,class,1,1,0,1,2,1,0,6,0,0.0,NaN,NaN,1,0,0,0,1,0,1,0,0,0,0,0,0,0,0,0,0,0,0,18,1,0,0,1,0,0,0,4,0,4,1,0,0,0,20,1,0
C:\Users\costa\Desktop\ing-soft2\ing-soft2\repository\ASD\src\factorymethod\FactoryMethodClient.java,factorymethod.FactoryMethodClient,class,4,4,0,4,1,1,0,5,0,0.0,NaN,NaN,1,1,1,0,0,0,1,0,0,0,0,0,0,0,0,0,0,0,1,9,0,0,0,0,0,1,0,3,0,3,0,0,0,0,10,1,0
C:\Users\costa\Desktop\ing-soft2\ing-soft2\repository\ASD\src\prototype\Person.java,prototype.Person,class,2,4,2,2,3,1,0,0,0,0.0,0.0,0.0,3,0,3,0,0,0,3,0,0,0,1,0,0,0,0,1,0,0,0,12,2,0,0,0,0,1,0,1,1,1,0,0,0,0,10,1,0
C:\Users\costa\Desktop\ing-soft2\ing-soft2\repository\ASD\src\factorymethod\lab\FactoryClient.java,factorymethod.lab.FactoryClient,class,3,3,0,3,1,1,0,3,0,0.0,NaN,NaN,1,1,1,0,0,0,1,0,0,0,0,0,0,0,0,0,0,0,0,8,0,0,0,0,0,2,1,2,0,2,0,0,0,0,10,1,2
C:\Users\costa\Desktop\ing-soft2\ing-soft2\repository\ASD\src\templatemethod\IOrder.java,templatemethod.IOrder,interface,0,2,2,0,0,1,0,0,0,0.0,-1.0,-1.0,0,0,0,0,0,0,0,0,0,0,0,0,0,0,0,0,0,0,0,2,0,0,0,0,0,0,0,0,0,0,0,0,0,0,2,1,0
C:\Users\costa\Desktop\ing-soft2\ing-soft2\repository\ASD\src\templatemethod\SlowOrderProcessor.java,templatemethod.SlowOrderProcessor,class,2,2,0,2,3,2,0,0,3,0.0,0.0,0.0,3,0,3,0,0,0,3,0,0,0,0,0,0,0,0,0,0,0,0,10,2,0,0,0,0,0,2,0,0,0,0,0,0,0,13,1,0
C:\Users\costa\Desktop\ing-soft2\ing-soft2\repository\ASD\src\adapter\lab\Adaptee.java,adapter.lab.Adaptee,class,0,1,1,0,15,1,0,2,0,0.5384615,0.0,0.0,13,0,13,0,0,0,13,0,0,0,2,0,0,2,0,0,0,0,1,49,6,1,1,0,0,0,5,8,1,4,1,0,0,0,18,1,0
C:\Users\costa\Desktop\ing-soft2\ing-soft2\repository\ASD\src\templatemethod\lab\PrintAlphabet.java,templatemethod.lab.PrintAlphabet,class,2,5,3,2,10,1,1,6,10,0.0,0.0,0.0,5,0,5,0,0,0,5,3,1,0,0,0,0,0,0,0,0,0,0,30,0,2,1,0,0,1,2,5,0,3,1,0,0,0,15,1025,0
C:\Users\costa\Desktop\ing-soft2\ing-soft2\repository\ASD\src\adapter\lab\Adapter.java,adapter.lab.Adapter,class,3,4,1,3,7,1,0,9,0,0.0,0.0,0.0,7,0,7,0,0,0,7,0,0,0,1,0,0,0,0,1,0,0,0,33,3,0,0,0,0,0,0,5,0,5,0,0,0,0,16,1,0
C:\Users\costa\Desktop\ing-soft2\ing-soft2\repository\ASD\src\proxy\lab\ICollectionAccess.java,proxy.lab.ICollectionAccess,interface,0,0,0,0,3,1,0,0,3,0.0,0.0,0.0,3,0,3,0,0,0,3,0,0,0,0,0,0,0,0,0,0,0,0,5,0,0,0,0,0,0,0,0,0,0,0,0,0,0,8,1,0
C:\Users\costa\Desktop\ing-soft2\ing-soft2\repository\ASD\src\proxy\Client.java,proxy.Client,class,2,2,0,2,2,1,0,2,0,0.0,NaN,NaN,1,1,1,0,0,0,1,0,0,0,0,0,0,0,0,0,0,0,0,14,0,0,0,1,0,6,0,1,0,1,1,0,0,0,11,1,0
C:\Users\costa\Desktop\ing-soft2\ing-soft2\repository\ASD\src\iterator\lab\NameRepository.java,iterator.lab.NameRepository$NameIterator,innerclass,2,2,0,2,7,1,0,4,0,0.16666667,0.0,0.0,2,0,2,0,0,0,2,0,0,0,2,0,0,0,0,2,0,0,0,19,4,0,1,0,1,1,1,3,0,5,2,0,0,1,12,2,0
C:\Users\costa\Desktop\ing-soft2\ing-soft2\repository\ASD\src\adapter\lab\ITargetQueue.java,adapter.lab.ITargetQueue,interface,0,2,2,0,4,1,0,0,6,0.0,0.0,0.0,4,0,4,0,0,0,4,0,0,0,0,0,0,0,0,0,0,0,0,6,0,0,0,0,0,0,0,0,0,0,0,0,0,0,9,1,0
C:\Users\costa\Desktop\ing-soft2\ing-soft2\repository\ASD\src\iterator\Iterator.java,iterator.Iterator,interface,0,4,4,0,2,1,0,0,1,0.0,0.0,0.0,2,0,2,0,0,0,2,0,0,0,0,0,0,0,0,0,0,0,0,4,0,0,0,0,0,0,0,0,0,0,0,0,0,0,5,1,0
C:\Users\costa\Desktop\ing-soft2\ing-soft2\repository\ASD\src\prototype\Client.java,prototype.Client,class,1,1,0,1,1,1,0,2,0,0.0,NaN,NaN,1,1,1,0,0,0,1,0,0,0,0,0,0,0,0,0,0,0,0,8,0,0,0,0,0,3,0,2,2,2,0,0,0,0,6,1,0
C:\Users\costa\Desktop\ing-soft2\ing-soft2\repository\ASD\src\factorymethod\PizzaFactory.java,factorymethod.PizzaFactory,interface,1,3,2,1,1,1,0,0,0,0.0,NaN,NaN,1,0,1,0,0,0,1,0,0,0,0,0,0,0,0,0,0,0,0,3,0,0,0,0,0,0,0,0,0,0,0,0,0,0,4,1,0
C:\Users\costa\Desktop\ing-soft2\ing-soft2\repository\ASD\src\templatemethod\lab\Client.java,templatemethod.lab.Client,class,4,5,1,4,4,1,0,9,1,0.0,0.0,0.0,2,2,2,0,0,0,2,0,0,0,0,0,0,0,0,0,0,0,3,26,1,2,0,0,0,6,8,8,1,7,2,0,0,0,19,1,0
C:\Users\costa\Desktop\ing-soft2\ing-soft2\repository\ASD\src\factorymethod\lab\DebugToolFactory.java,factorymethod.lab.DebugToolFactory,class,4,5,1,4,3,1,0,1,0,0.0,NaN,NaN,1,0,1,0,0,0,1,0,0,0,0,0,0,0,0,0,0,0,0,8,1,0,0,0,0,2,0,3,0,1,1,0,0,0,11,1,0
C:\Users\costa\Desktop\ing-soft2\ing-soft2\repository\ASD\src\adapter\Adapter.java,adapter.Adapter,class,2,3,1,2,5,1,0,7,0,0.0,0.0,0.0,5,0,5,0,0,0,5,0,0,0,1,0,0,0,0,1,0,0,0,23,2,0,0,0,0,0,0,3,0,3,0,0,0,0,11,1,0
C:\Users\costa\Desktop\ing-soft2\ing-soft2\repository\ASD\src\iterator\NameRepository.java,iterator.NameRepository$NameIterator,innerclass,2,2,0,2,4,1,0,1,0,0.0,0.0,0.0,2,0,2,0,0,0,2,0,0,0,1,0,0,0,0,1,0,0,0,10,3,0,0,0,1,0,0,0,0,1,1,0,0,0,8,2,0
C:\Users\costa\Desktop\ing-soft2\ing-soft2\repository\ASD\src\factorymethod\lab\ConsoleTrace.java,factorymethod.lab.ConsoleTrace,class,1,2,1,1,3,1,0,0,3,0.0,0.0,0.0,3,0,3,0,0,0,3,0,0,0,0,0,0,0,0,0,0,0,0,8,0,0,0,0,0,0,0,0,0,0,0,0,0,0,7,1,0
C:\Users\costa\Desktop\ing-soft2\ing-soft2\repository\ASD\src\factorymethod\Pizza.java,factorymethod.Pizza,class,0,7,7,0,0,1,4,0,0,NaN,-1.0,-1.0,0,0,0,0,0,0,0,0,0,0,3,0,0,0,0,3,0,0,0,5,0,0,0,0,0,0,0,0,0,3,0,0,0,0,4,1025,0
C:\Users\costa\Desktop\ing-soft2\ing-soft2\repository\ASD\src\singleton\EnumSingleton.java,singleton.EnumSingleton,enum,0,0,0,0,1,1,0,1,0,0.0,NaN,NaN,1,0,1,0,0,0,1,0,0,0,0,0,0,0,0,0,0,0,0,4,0,0,0,0,0,1,0,0,0,0,0,0,0,0,11,1,0
C:\Users\costa\Desktop\ing-soft2\ing-soft2\repository\ASD\src\proxy\CommandExecutor.java,proxy.CommandExecutor,class,1,2,1,1,1,1,0,3,0,0.0,NaN,NaN,1,0,1,0,0,0,1,0,0,0,0,0,0,0,0,0,0,0,1,6,0,0,0,0,0,2,0,0,1,0,0,0,0,0,8,1,0
C:\Users\costa\Desktop\ing-soft2\ing-soft2\repository\ASD\src\composite\lab\HtmlTree.java,composite.lab.HtmlTree,class,0,0,0,0,0,1,0,0,0,0.0,-1.0,-1.0,0,0,0,0,0,0,0,0,0,0,0,0,0,0,0,0,0,0,0,2,0,0,0,0,0,0,0,0,0,0,0,0,0,0,2,1025,0
C:\Users\costa\Desktop\ing-soft2\ing-soft2\repository\ASD\src\iterator\lab\Iterator.java,iterator.lab.Iterator,interface,0,4,4,0,2,1,0,0,1,0.0,0.0,0.0,2,0,2,0,0,0,2,0,0,0,0,0,0,0,0,0,0,0,0,4,0,0,0,0,0,0,0,0,0,0,0,0,0,0,5,1,0
C:\Users\costa\Desktop\ing-soft2\ing-soft2\repository\ASD\src\adapter\Adaptee.java,adapter.Adaptee,class,0,1,1,0,13,1,0,2,0,0.51515156,0.0,0.0,11,0,11,0,0,0,11,0,0,0,2,0,0,2,0,0,0,0,1,43,5,1,1,0,0,0,5,7,1,4,1,0,0,0,17,1,0
C:\Users\costa\Desktop\ing-soft2\ing-soft2\repository\ASD\src\templatemethod\lab\ConcretePrintAlphabet.java,templatemethod.lab.ConcretePrintAlphabet,class,2,4,2,2,10,2,0,1,6,0.0,0.0,0.0,4,0,3,1,0,0,3,0,0,0,0,0,0,0,0,0,0,0,0,28,3,6,0,0,3,0,15,12,6,9,2,0,0,0,14,1,0
C:\Users\costa\Desktop\ing-soft2\ing-soft2\repository\ASD\src\adapter\Target.java,adapter.Target,interface,0,2,2,0,4,1,0,0,6,0.0,0.0,0.0,4,0,4,0,0,0,4,0,0,0,0,0,0,0,0,0,0,0,0,6,0,0,0,0,0,0,0,0,0,0,0,0,0,0,7,1,0
C:\Users\costa\Desktop\ing-soft2\ing-soft2\repository\ASD\src\adapter\lab\Client.java,adapter.lab.Client,class,3,3,0,3,1,1,0,7,0,0.0,NaN,NaN,1,1,1,0,0,0,1,0,0,0,0,0,0,0,0,0,0,0,0,27,0,0,0,0,0,8,0,2,0,2,0,0,0,0,10,1,0
C:\Users\costa\Desktop\ing-soft2\ing-soft2\repository\ASD\src\iterator\lab\Aggregate.java,iterator.lab.Aggregate,interface,1,2,1,1,1,1,0,0,0,0.0,NaN,NaN,1,0,1,0,0,0,1,0,0,0,0,0,0,0,0,0,0,0,0,3,0,0,0,0,0,0,0,0,0,0,0,0,0,0,3,1,0
C:\Users\costa\Desktop\ing-soft2\ing-soft2\repository\ASD\src\templatemethod\AOrderProcessor.java,templatemethod.AOrderProcessor,class,2,4,2,2,5,1,1,4,10,0.0,0.0,0.0,5,0,4,1,0,0,4,3,1,0,0,0,0,0,0,0,0,0,0,17,1,0,0,0,0,3,0,6,0,4,0,0,0,0,25,1025,0
C:\Users\costa\Desktop\ing-soft2\ing-soft2\repository\ASD\src\factorymethod\CheesePizza.java,factorymethod.CheesePizza,class,1,3,2,1,0,2,0,0,0,0.0,-1.0,-1.0,0,0,0,0,0,0,0,0,0,0,0,0,0,0,0,0,0,0,0,2,0,0,0,0,0,0,0,0,0,0,0,0,0,0,2,1,0
C:\Users\costa\Desktop\ing-soft2\ing-soft2\repository\ASD\src\prototype\lab\Client.java,prototype.lab.Client,class,2,3,1,2,7,1,0,16,3,0.0,0.0,0.0,3,3,3,0,0,0,3,0,0,0,0,0,0,0,0,0,0,0,5,42,2,3,0,1,0,6,5,8,0,7,2,0,0,0,21,1,0
C:\Users\costa\Desktop\ing-soft2\ing-soft2\repository\ASD\src\proxy\ICommandExecutor.java,proxy.ICommandExecutor,interface,0,3,3,0,1,1,0,0,0,0.0,NaN,NaN,1,0,1,0,0,0,1,0,0,0,0,0,0,0,0,0,0,0,0,3,0,0,0,0,0,0,0,0,0,0,0,0,0,0,6,1,0
C:\Users\costa\Desktop\ing-soft2\ing-soft2\repository\ASD\src\factorymethod\lab\Trace.java,factorymethod.lab.Trace,interface,0,5,5,0,3,1,0,0,3,0.0,0.0,0.0,3,0,3,0,0,0,3,0,0,0,0,0,0,0,0,0,0,0,0,5,0,0,0,0,0,0,0,0,0,0,0,0,0,0,6,1,0
C:\Users\costa\Desktop\ing-soft2\ing-soft2\repository\ASD\src\iterator\NameRepository.java,iterator.NameRepository,class,3,4,1,3,1,1,0,0,0,1.0,NaN,NaN,1,0,1,0,0,0,1,0,0,0,1,0,0,1,0,0,0,0,0,16,1,0,0,0,0,6,0,1,0,1,0,0,1,0,5,1,0
C:\Users\costa\Desktop\ing-soft2\ing-soft2\repository\ASD\src\prototype\lab\Prototype.java,prototype.lab.Prototype,interface,1,2,1,1,1,1,0,0,0,0.0,NaN,NaN,1,0,1,0,0,0,1,0,0,0,0,0,0,0,0,0,0,0,0,3,0,0,0,0,0,0,0,0,0,0,0,0,0,0,3,1,0
C:\Users\costa\Desktop\ing-soft2\ing-soft2\repository\ASD\src\iterator\lab\NameRepository.java,iterator.lab.NameRepository,class,3,4,1,3,2,1,0,0,1,1.0,0.0,0.0,2,0,2,0,0,0,2,0,0,0,1,0,0,1,0,0,0,0,0,27,1,0,0,0,0,7,0,1,0,1,0,0,1,0,7,1,0
C:\Users\costa\Desktop\ing-soft2\ing-soft2\repository\ASD\src\factorymethod\ClamPizza.java,factorymethod.ClamPizza,class,1,2,1,1,0,2,0,0,0,0.0,-1.0,-1.0,0,0,0,0,0,0,0,0,0,0,0,0,0,0,0,0,0,0,0,2,0,0,0,0,0,0,0,0,0,0,0,0,0,0,2,1,0
C:\Users\costa\Desktop\ing-soft2\ing-soft2\repository\ASD\src\prototype\lab\Employee.java,prototype.lab.Employee,class,1,3,2,1,32,1,0,14,214,0.8535714,0.0,0.0,28,0,25,2,1,0,26,0,0,0,10,1,0,10,0,0,1,0,1,121,12,1,2,0,0,7,5,27,4,14,2,0,0,0,47,1,0
C:\Users\costa\Desktop\ing-soft2\ing-soft2\repository\ASD\src\iterator\Aggregate.java,iterator.Aggregate,interface,1,2,1,1,1,1,0,0,0,0.0,NaN,NaN,1,0,1,0,0,0,1,0,0,0,0,0,0,0,0,0,0,0,0,3,0,0,0,0,0,0,0,0,0,0,0,0,0,0,3,1,0
C:\Users\costa\Desktop\ing-soft2\ing-soft2\repository\ASD\src\factorymethod\lab\ITraceFactory.java,factorymethod.lab.ITraceFactory,interface,1,3,2,1,1,1,0,0,0,0.0,NaN,NaN,1,0,1,0,0,0,1,0,0,0,0,0,0,0,0,0,0,0,0,3,0,0,0,0,0,0,0,0,0,0,0,0,0,0,5,1,0
C:\Users\costa\Desktop\ing-soft2\ing-soft2\repository\ASD\src\iterator\IteratorClient.java,iterator.IteratorClient,class,2,2,0,2,2,1,0,4,0,0.0,NaN,NaN,1,1,1,0,0,0,1,0,0,0,0,0,0,0,0,0,0,0,0,9,0,1,0,0,0,0,0,2,0,2,1,0,0,0,8,1,0
C:\Users\costa\Desktop\ing-soft2\ing-soft2\repository\ASD\src\iterator\lab\IteratorClient.java,iterator.lab.IteratorClient,class,2,2,0,2,2,1,0,4,0,0.0,NaN,NaN,1,1,1,0,0,0,1,0,0,0,0,0,0,0,0,0,0,0,0,9,0,1,0,0,0,0,0,2,0,2,1,0,0,0,8,1,0
